999,	0,	1,	0,	0
998,	1,	1,	0,	0.282232
998,	0,	2,	0,	1.27301
997,	1,	2,	0,	1.52044
997,	1,	1,	1,	2.53626
997,	0,	2,	1,	6.94371
996,	1,	2,	1,	7.67779
995,	2,	2,	1,	7.70927
995,	2,	1,	2,	8.31912
995,	2,	0,	3,	8.32958
995,	1,	1,	3,	8.61784
994,	2,	1,	3,	10.4947
994,	2,	0,	4,	14.1055
994,	1,	1,	4,	17.2243
994,	0,	2,	4,	18.9407
993,	1,	2,	4,	20.153
992,	2,	2,	4,	21.4403
991,	3,	2,	4,	21.4796
990,	4,	2,	4,	21.7733
989,	5,	2,	4,	22.7315
988,	6,	2,	4,	23.0168
988,	6,	1,	5,	25.3804
988,	5,	2,	5,	26.5312
987,	6,	2,	5,	26.5786
986,	7,	2,	5,	27.8403
985,	8,	2,	5,	28.1534
985,	7,	3,	5,	28.4863
985,	6,	4,	5,	28.6245
985,	5,	5,	5,	28.6919
985,	4,	6,	5,	29.4326
985,	3,	7,	5,	29.4507
984,	4,	7,	5,	29.6341
984,	4,	6,	6,	29.7314
983,	5,	6,	6,	29.9288
982,	6,	6,	6,	29.9555
981,	7,	6,	6,	29.9762
981,	6,	7,	6,	30.1036
981,	6,	6,	7,	30.69
981,	6,	5,	8,	30.8594
981,	5,	6,	8,	30.8755
980,	6,	6,	8,	31.288
980,	6,	5,	9,	31.3243
980,	6,	4,	10,	31.6899
980,	6,	3,	11,	32.0582
980,	6,	2,	12,	32.6452
980,	5,	3,	12,	33.93
979,	6,	3,	12,	34.1056
979,	5,	4,	12,	34.4328
978,	6,	4,	12,	35.1593
978,	6,	3,	13,	35.8432
977,	7,	3,	13,	36.0871
977,	7,	2,	14,	36.3592
977,	7,	1,	15,	36.4667
977,	7,	0,	16,	37.1027
977,	6,	1,	16,	37.1427
977,	5,	2,	16,	37.7116
977,	4,	3,	16,	38.5813
976,	5,	3,	16,	39.7113
975,	6,	3,	16,	40.5992
975,	6,	2,	17,	40.7081
974,	7,	2,	17,	40.79
974,	6,	3,	17,	40.966
973,	7,	3,	17,	41.2095
973,	6,	4,	17,	41.7438
972,	7,	4,	17,	41.8459
971,	8,	4,	17,	41.982
971,	8,	3,	18,	42.3429
970,	9,	3,	18,	42.8128
969,	10,	3,	18,	43.0049
969,	9,	4,	18,	43.0647
969,	8,	5,	18,	43.6786
969,	8,	4,	19,	44.5898
969,	8,	3,	20,	44.6446
969,	7,	4,	20,	44.8607
968,	8,	4,	20,	45.1576
968,	8,	3,	21,	45.3871
968,	7,	4,	21,	46.7225
968,	6,	5,	21,	46.802
968,	6,	4,	22,	47.1149
968,	6,	3,	23,	47.5077
967,	7,	3,	23,	48.2493
967,	6,	4,	23,	48.5293
966,	7,	4,	23,	48.6141
966,	7,	3,	24,	49.4427
966,	6,	4,	24,	49.5091
966,	5,	5,	24,	49.7062
965,	6,	5,	24,	50.4174
964,	7,	5,	24,	50.4733
963,	8,	5,	24,	50.6116
963,	7,	6,	24,	50.6543
963,	7,	5,	25,	50.8153
963,	6,	6,	25,	50.9986
963,	6,	5,	26,	51.7331
963,	6,	4,	27,	51.8097
962,	7,	4,	27,	52.7052
961,	8,	4,	27,	53.411
961,	7,	5,	27,	53.653
961,	6,	6,	27,	54.1715
960,	7,	6,	27,	54.3415
960,	7,	5,	28,	54.6073
960,	6,	6,	28,	55.1382
959,	7,	6,	28,	55.4702
959,	7,	5,	29,	56.2902
958,	8,	5,	29,	56.3944
958,	8,	4,	30,	56.6071
958,	7,	5,	30,	56.7907
957,	8,	5,	30,	57.4292
957,	7,	6,	30,	57.8145
956,	8,	6,	30,	58.1487
956,	8,	5,	31,	58.4646
956,	7,	6,	31,	58.4703
955,	8,	6,	31,	58.6682
955,	8,	5,	32,	58.6856
955,	8,	4,	33,	58.8835
955,	7,	5,	33,	59.2778
954,	8,	5,	33,	60.037
953,	9,	5,	33,	60.688
953,	9,	4,	34,	60.7307
953,	8,	5,	34,	62.2333
952,	9,	5,	34,	62.4076
952,	8,	6,	34,	62.6136
952,	8,	5,	35,	62.7632
951,	9,	5,	35,	63.2482
950,	10,	5,	35,	63.316
950,	9,	6,	35,	63.362
950,	8,	7,	35,	63.6021
950,	8,	6,	36,	63.6023
950,	8,	5,	37,	63.9381
950,	7,	6,	37,	64.0979
949,	8,	6,	37,	64.4022
948,	9,	6,	37,	64.8702
948,	9,	5,	38,	65.3128
947,	10,	5,	38,	65.3372
947,	9,	6,	38,	65.6115
947,	8,	7,	38,	65.6718
946,	9,	7,	38,	65.785
945,	10,	7,	38,	66.4449
945,	10,	6,	39,	66.5134
945,	10,	5,	40,	66.5948
945,	9,	6,	40,	67.0183
944,	10,	6,	40,	67.1016
944,	9,	7,	40,	67.1043
943,	10,	7,	40,	68.0205
943,	10,	6,	41,	68.3946
942,	11,	6,	41,	68.5185
942,	10,	7,	41,	68.5647
941,	11,	7,	41,	68.6022
941,	11,	6,	42,	68.6655
940,	12,	6,	42,	68.6909
940,	12,	5,	43,	68.9234
940,	11,	6,	43,	69.3347
939,	12,	6,	43,	69.6667
939,	12,	5,	44,	69.8984
939,	12,	4,	45,	70.1354
939,	11,	5,	45,	70.2494
939,	10,	6,	45,	70.2829
939,	10,	5,	46,	70.4655
938,	11,	5,	46,	70.7112
938,	11,	4,	47,	71.0369
938,	10,	5,	47,	71.0913
937,	11,	5,	47,	71.6368
937,	10,	6,	47,	71.8552
936,	11,	6,	47,	71.9482
936,	11,	5,	48,	72.127
936,	10,	6,	48,	72.3652
936,	9,	7,	48,	72.5032
935,	10,	7,	48,	72.6072
935,	10,	6,	49,	72.7369
934,	11,	6,	49,	72.8571
933,	12,	6,	49,	72.8765
933,	12,	5,	50,	72.9444
932,	13,	5,	50,	73.2381
932,	13,	4,	51,	73.5676
931,	14,	4,	51,	74.4001
931,	13,	5,	51,	75.183
930,	14,	5,	51,	75.3389
930,	13,	6,	51,	75.6047
930,	13,	5,	52,	75.8145
930,	12,	6,	52,	75.8557
930,	11,	7,	52,	75.9534
930,	11,	6,	53,	76.1117
929,	12,	6,	53,	76.1153
928,	13,	6,	53,	76.3542
927,	14,	6,	53,	76.9182
926,	15,	6,	53,	77.6898
926,	15,	5,	54,	78.0879
926,	15,	4,	55,	78.2331
925,	16,	4,	55,	78.2391
924,	17,	4,	55,	78.5596
924,	16,	5,	55,	78.7049
923,	17,	5,	55,	79.0284
922,	18,	5,	55,	79.2973
922,	17,	6,	55,	79.6059
922,	16,	7,	55,	79.6068
922,	15,	8,	55,	79.6226
922,	14,	9,	55,	80.0388
921,	15,	9,	55,	80.2689
921,	14,	10,	55,	80.2699
920,	15,	10,	55,	80.3833
920,	15,	9,	56,	80.503
919,	16,	9,	56,	80.543
919,	15,	10,	56,	80.702
918,	16,	10,	56,	80.8904
918,	15,	11,	56,	80.9397
918,	14,	12,	56,	81.0058
918,	13,	13,	56,	81.0561
917,	14,	13,	56,	81.0703
917,	13,	14,	56,	81.2607
917,	13,	13,	57,	81.2676
917,	13,	12,	58,	81.2902
917,	13,	11,	59,	81.3387
916,	14,	11,	59,	81.4344
915,	15,	11,	59,	81.5408
914,	16,	11,	59,	81.564
914,	16,	10,	60,	81.8153
914,	15,	11,	60,	81.9448
914,	15,	10,	61,	82.0021
913,	16,	10,	61,	82.6646
913,	15,	11,	61,	82.6648
912,	16,	11,	61,	82.6691
912,	15,	12,	61,	82.7634
912,	15,	11,	62,	82.9429
911,	16,	11,	62,	83.0525
911,	16,	10,	63,	83.0708
910,	17,	10,	63,	83.1022
909,	18,	10,	63,	83.2429
909,	18,	9,	64,	83.2624
909,	17,	10,	64,	83.7425
908,	18,	10,	64,	84.0116
908,	17,	11,	64,	84.0552
908,	16,	12,	64,	84.1315
908,	15,	13,	64,	84.4322
908,	14,	14,	64,	84.6122
908,	13,	15,	64,	84.6847
908,	12,	16,	64,	84.8114
908,	12,	15,	65,	84.8375
908,	12,	14,	66,	84.9304
908,	11,	15,	66,	84.9544
908,	11,	14,	67,	85.0217
908,	10,	15,	67,	85.1682
907,	11,	15,	67,	85.3866
906,	12,	15,	67,	85.818
906,	12,	14,	68,	85.8279
906,	11,	15,	68,	86.0102
906,	11,	14,	69,	86.0445
905,	12,	14,	69,	86.2295
904,	13,	14,	69,	86.4015
904,	12,	15,	69,	86.5418
904,	12,	14,	70,	86.5462
904,	11,	15,	70,	86.5774
903,	12,	15,	70,	86.7034
903,	11,	16,	70,	86.758
902,	12,	16,	70,	86.7881
902,	12,	15,	71,	86.8083
902,	11,	16,	71,	86.8288
902,	10,	17,	71,	86.9514
902,	10,	16,	72,	87.2752
902,	10,	15,	73,	87.3863
901,	11,	15,	73,	87.3885
901,	10,	16,	73,	87.5413
901,	10,	15,	74,	87.5477
901,	10,	14,	75,	87.6364
901,	9,	15,	75,	87.645
901,	9,	14,	76,	88.1097
900,	10,	14,	76,	88.1618
900,	10,	13,	77,	88.3366
900,	10,	12,	78,	88.3623
899,	11,	12,	78,	88.773
899,	10,	13,	78,	88.8153
898,	11,	13,	78,	88.8334
897,	12,	13,	78,	88.8569
896,	13,	13,	78,	88.8716
896,	13,	12,	79,	88.9317
896,	13,	11,	80,	88.9868
896,	13,	10,	81,	89.1148
895,	14,	10,	81,	89.3421
894,	15,	10,	81,	89.5311
893,	16,	10,	81,	89.9534
892,	17,	10,	81,	90.0215
892,	16,	11,	81,	90.1119
892,	16,	10,	82,	90.1509
892,	15,	11,	82,	90.2339
892,	14,	12,	82,	90.2831
891,	15,	12,	82,	90.3166
890,	16,	12,	82,	90.4178
890,	15,	13,	82,	90.6826
890,	14,	14,	82,	90.8405
889,	15,	14,	82,	90.8993
888,	16,	14,	82,	90.9731
888,	16,	13,	83,	91.1609
887,	17,	13,	83,	91.1613
887,	17,	12,	84,	91.2962
887,	17,	11,	85,	91.3233
887,	17,	10,	86,	91.3434
887,	17,	9,	87,	91.7791
886,	18,	9,	87,	91.9285
886,	18,	8,	88,	91.9957
885,	19,	8,	88,	92.1168
884,	20,	8,	88,	92.4162
884,	20,	7,	89,	92.4815
884,	19,	8,	89,	92.6581
884,	18,	9,	89,	92.6651
884,	18,	8,	90,	92.8947
883,	19,	8,	90,	93.0192
883,	19,	7,	91,	93.0608
883,	18,	8,	91,	93.0776
882,	19,	8,	91,	93.2861
881,	20,	8,	91,	93.3367
881,	19,	9,	91,	93.4145
880,	20,	9,	91,	93.4555
879,	21,	9,	91,	93.5519
879,	21,	8,	92,	94.117
879,	20,	9,	92,	94.1226
879,	19,	10,	92,	94.1275
878,	20,	10,	92,	94.2569
878,	19,	11,	92,	94.3138
877,	20,	11,	92,	94.418
877,	19,	12,	92,	94.487
877,	19,	11,	93,	94.9219
877,	18,	12,	93,	95.196
876,	19,	12,	93,	95.2168
876,	18,	13,	93,	95.3471
876,	17,	14,	93,	95.6757
876,	16,	15,	93,	95.874
875,	17,	15,	93,	95.97
874,	18,	15,	93,	96.2936
874,	18,	14,	94,	96.3122
873,	19,	14,	94,	96.361
873,	18,	15,	94,	96.3726
873,	18,	14,	95,	96.3751
873,	17,	15,	95,	96.6004
873,	17,	14,	96,	96.7256
873,	16,	15,	96,	96.8665
872,	17,	15,	96,	96.8906
872,	17,	14,	97,	96.9379
872,	16,	15,	97,	96.9558
871,	17,	15,	97,	96.9841
871,	17,	14,	98,	97.0825
871,	16,	15,	98,	97.0857
870,	17,	15,	98,	97.2482
869,	18,	15,	98,	97.2572
868,	19,	15,	98,	97.5435
868,	19,	14,	99,	97.6048
868,	19,	13,	100,	97.8087
868,	18,	14,	100,	97.9201
867,	19,	14,	100,	98.0052
866,	20,	14,	100,	98.0254
865,	21,	14,	100,	98.1221
865,	20,	15,	100,	98.2067
864,	21,	15,	100,	98.3251
864,	21,	14,	101,	98.4097
864,	21,	13,	102,	98.5329
864,	20,	14,	102,	98.6327
864,	20,	13,	103,	98.6987
864,	20,	12,	104,	98.782
863,	21,	12,	104,	98.7861
862,	22,	12,	104,	98.8781
862,	22,	11,	105,	98.8824
862,	21,	12,	105,	98.8972
861,	22,	12,	105,	98.9972
860,	23,	12,	105,	99.1133
859,	24,	12,	105,	99.2924
859,	23,	13,	105,	99.372
858,	24,	13,	105,	99.5091
857,	25,	13,	105,	99.5847
856,	26,	13,	105,	99.7233
856,	25,	14,	105,	99.759
856,	25,	13,	106,	99.794
856,	25,	12,	107,	99.8786
856,	24,	13,	107,	99.9102
856,	23,	14,	107,	100.013
856,	23,	13,	108,	100.29
856,	23,	12,	109,	100.488
855,	24,	12,	109,	100.519
855,	23,	13,	109,	100.794
855,	22,	14,	109,	100.915
854,	23,	14,	109,	101.22
853,	24,	14,	109,	101.434
853,	24,	13,	110,	101.763
852,	25,	13,	110,	101.777
852,	24,	14,	110,	101.913
852,	23,	15,	110,	101.926
851,	24,	15,	110,	101.937
851,	23,	16,	110,	101.98
850,	24,	16,	110,	102.121
849,	25,	16,	110,	102.161
848,	26,	16,	110,	102.244
848,	26,	15,	111,	102.265
847,	27,	15,	111,	102.634
846,	28,	15,	111,	102.701
846,	28,	14,	112,	102.862
846,	28,	13,	113,	102.88
846,	28,	12,	114,	102.897
846,	28,	11,	115,	102.952
846,	27,	12,	115,	103.018
846,	26,	13,	115,	103.139
846,	26,	12,	116,	103.146
845,	27,	12,	116,	103.412
845,	27,	11,	117,	103.679
844,	28,	11,	117,	103.702
843,	29,	11,	117,	103.705
843,	28,	12,	117,	103.793
843,	28,	11,	118,	103.83
842,	29,	11,	118,	103.936
841,	30,	11,	118,	104.133
841,	29,	12,	118,	104.461
841,	28,	13,	118,	104.558
840,	29,	13,	118,	104.788
839,	30,	13,	118,	104.811
839,	30,	12,	119,	104.945
838,	31,	12,	119,	104.953
837,	32,	12,	119,	105.185
836,	33,	12,	119,	105.195
836,	33,	11,	120,	105.252
835,	34,	11,	120,	105.378
834,	35,	11,	120,	105.564
833,	36,	11,	120,	105.724
833,	35,	12,	120,	105.969
833,	35,	11,	121,	106.038
833,	34,	12,	121,	106.09
833,	33,	13,	121,	106.213
833,	33,	12,	122,	106.221
833,	33,	11,	123,	106.29
833,	32,	12,	123,	106.321
833,	32,	11,	124,	106.724
833,	31,	12,	124,	106.854
833,	30,	13,	124,	106.903
832,	31,	13,	124,	107.071
831,	32,	13,	124,	107.079
831,	31,	14,	124,	107.147
831,	31,	13,	125,	107.216
831,	30,	14,	125,	107.499
830,	31,	14,	125,	107.515
830,	30,	15,	125,	107.523
829,	31,	15,	125,	107.574
829,	30,	16,	125,	107.89
829,	30,	15,	126,	107.91
829,	29,	16,	126,	107.931
829,	29,	15,	127,	108.012
828,	30,	15,	127,	108.098
828,	30,	14,	128,	108.143
828,	29,	15,	128,	108.235
828,	29,	14,	129,	108.251
828,	28,	15,	129,	108.803
827,	29,	15,	129,	108.854
826,	30,	15,	129,	109.022
826,	29,	16,	129,	109.067
825,	30,	16,	129,	109.128
825,	29,	17,	129,	109.225
824,	30,	17,	129,	109.37
824,	29,	18,	129,	109.409
824,	29,	17,	130,	109.445
823,	30,	17,	130,	109.459
823,	30,	16,	131,	109.557
823,	29,	17,	131,	109.592
823,	28,	18,	131,	109.675
823,	28,	17,	132,	109.898
823,	27,	18,	132,	109.964
823,	27,	17,	133,	109.991
822,	28,	17,	133,	110.157
822,	27,	18,	133,	110.249
822,	27,	17,	134,	110.303
822,	27,	16,	135,	110.319
821,	28,	16,	135,	110.424
821,	28,	15,	136,	110.575
821,	27,	16,	136,	110.609
821,	27,	15,	137,	110.646
820,	28,	15,	137,	110.774
820,	27,	16,	137,	110.8
820,	27,	15,	138,	110.845
819,	28,	15,	138,	110.853
818,	29,	15,	138,	110.936
817,	30,	15,	138,	110.99
817,	30,	14,	139,	111.024
817,	29,	15,	139,	111.069
816,	30,	15,	139,	111.157
816,	30,	14,	140,	111.217
816,	29,	15,	140,	111.511
816,	28,	16,	140,	111.516
815,	29,	16,	140,	111.603
814,	30,	16,	140,	111.791
813,	31,	16,	140,	111.802
813,	30,	17,	140,	111.967
813,	30,	16,	141,	112.064
812,	31,	16,	141,	112.065
812,	31,	15,	142,	112.085
812,	30,	16,	142,	112.157
811,	31,	16,	142,	112.276
811,	31,	15,	143,	112.443
810,	32,	15,	143,	112.547
810,	32,	14,	144,	112.646
810,	32,	13,	145,	112.722
810,	32,	12,	146,	112.763
809,	33,	12,	146,	112.826
809,	32,	13,	146,	112.861
808,	33,	13,	146,	112.874
808,	33,	12,	147,	113.061
807,	34,	12,	147,	113.104
807,	33,	13,	147,	113.186
806,	34,	13,	147,	113.46
806,	34,	12,	148,	113.488
805,	35,	12,	148,	113.585
804,	36,	12,	148,	113.615
803,	37,	12,	148,	113.638
802,	38,	12,	148,	113.824
801,	39,	12,	148,	113.923
801,	38,	13,	148,	114.034
801,	38,	12,	149,	114.234
801,	38,	11,	150,	114.246
800,	39,	11,	150,	114.366
800,	39,	10,	151,	114.43
800,	38,	11,	151,	114.433
800,	37,	12,	151,	114.639
800,	37,	11,	152,	114.75
800,	36,	12,	152,	114.757
800,	36,	11,	153,	114.791
800,	35,	12,	153,	114.812
799,	36,	12,	153,	115.052
799,	35,	13,	153,	115.146
799,	34,	14,	153,	115.265
799,	33,	15,	153,	115.347
799,	33,	14,	154,	115.401
799,	32,	15,	154,	115.424
799,	31,	16,	154,	115.454
799,	30,	17,	154,	115.48
798,	31,	17,	154,	115.539
798,	30,	18,	154,	115.83
797,	31,	18,	154,	115.851
796,	32,	18,	154,	115.982
796,	32,	17,	155,	116.256
795,	33,	17,	155,	116.332
794,	34,	17,	155,	116.344
794,	33,	18,	155,	116.404
794,	32,	19,	155,	116.464
793,	33,	19,	155,	116.474
792,	34,	19,	155,	116.564
791,	35,	19,	155,	116.604
791,	34,	20,	155,	116.746
791,	33,	21,	155,	116.756
791,	32,	22,	155,	116.835
791,	32,	21,	156,	116.976
791,	31,	22,	156,	116.984
791,	31,	21,	157,	117.018
791,	30,	22,	157,	117.116
791,	30,	21,	158,	117.182
791,	29,	22,	158,	117.195
790,	30,	22,	158,	117.21
790,	30,	21,	159,	117.294
790,	30,	20,	160,	117.464
790,	29,	21,	160,	117.498
790,	29,	20,	161,	117.593
789,	30,	20,	161,	117.722
789,	30,	19,	162,	117.748
789,	29,	20,	162,	117.764
789,	28,	21,	162,	117.77
789,	27,	22,	162,	117.881
789,	27,	21,	163,	117.895
788,	28,	21,	163,	118.015
787,	29,	21,	163,	118.06
786,	30,	21,	163,	118.27
786,	29,	22,	163,	118.294
786,	29,	21,	164,	118.414
786,	29,	20,	165,	118.433
786,	29,	19,	166,	118.473
786,	29,	18,	167,	118.697
786,	28,	19,	167,	118.782
786,	27,	20,	167,	118.82
786,	27,	19,	168,	118.838
785,	28,	19,	168,	118.974
785,	27,	20,	168,	118.975
785,	26,	21,	168,	118.986
784,	27,	21,	168,	119.072
784,	27,	20,	169,	119.111
784,	27,	19,	170,	119.145
784,	27,	18,	171,	119.359
784,	27,	17,	172,	119.404
783,	28,	17,	172,	119.571
782,	29,	17,	172,	119.584
781,	30,	17,	172,	119.846
781,	29,	18,	172,	119.886
781,	29,	17,	173,	119.961
781,	28,	18,	173,	120.132
781,	27,	19,	173,	120.284
780,	28,	19,	173,	120.334
780,	28,	18,	174,	120.371
779,	29,	18,	174,	120.596
779,	28,	19,	174,	120.717
779,	27,	20,	174,	120.846
779,	26,	21,	174,	120.925
779,	26,	20,	175,	120.956
778,	27,	20,	175,	120.968
777,	28,	20,	175,	120.98
776,	29,	20,	175,	120.991
775,	30,	20,	175,	121.105
774,	31,	20,	175,	121.155
773,	32,	20,	175,	121.177
773,	32,	19,	176,	121.269
772,	33,	19,	176,	121.429
772,	32,	20,	176,	121.44
771,	33,	20,	176,	121.671
771,	32,	21,	176,	121.676
771,	32,	20,	177,	121.688
770,	33,	20,	177,	121.709
770,	33,	19,	178,	121.781
770,	32,	20,	178,	121.786
770,	31,	21,	178,	121.92
770,	30,	22,	178,	121.923
769,	31,	22,	178,	122.203
769,	30,	23,	178,	122.287
768,	31,	23,	178,	122.307
768,	31,	22,	179,	122.373
768,	30,	23,	179,	122.392
768,	30,	22,	180,	122.436
768,	30,	21,	181,	122.643
768,	29,	22,	181,	122.7
768,	29,	21,	182,	122.852
768,	29,	20,	183,	122.927
767,	30,	20,	183,	123.008
767,	29,	21,	183,	123.093
766,	30,	21,	183,	123.095
766,	30,	20,	184,	123.113
765,	31,	20,	184,	123.18
764,	32,	20,	184,	123.191
763,	33,	20,	184,	123.203
763,	33,	19,	185,	123.265
762,	34,	19,	185,	123.445
761,	35,	19,	185,	123.482
761,	34,	20,	185,	123.511
760,	35,	20,	185,	123.704
760,	34,	21,	185,	123.979
760,	33,	22,	185,	124.102
760,	32,	23,	185,	124.146
760,	32,	22,	186,	124.233
760,	31,	23,	186,	124.28
759,	32,	23,	186,	124.318
759,	32,	22,	187,	124.364
759,	32,	21,	188,	124.419
759,	31,	22,	188,	124.598
759,	31,	21,	189,	124.61
758,	32,	21,	189,	124.702
758,	31,	22,	189,	124.743
758,	31,	21,	190,	124.745
758,	30,	22,	190,	124.762
757,	31,	22,	190,	124.787
756,	32,	22,	190,	124.827
755,	33,	22,	190,	124.923
755,	32,	23,	190,	124.999
755,	31,	24,	190,	124.999
754,	32,	24,	190,	125.029
753,	33,	24,	190,	125.077
753,	32,	25,	190,	125.104
753,	32,	24,	191,	125.115
753,	32,	23,	192,	125.149
753,	31,	24,	192,	125.154
753,	31,	23,	193,	125.258
753,	30,	24,	193,	125.499
753,	30,	23,	194,	126.006
753,	30,	22,	195,	126.038
753,	29,	23,	195,	126.055
753,	28,	24,	195,	126.114
752,	29,	24,	195,	126.131
752,	29,	23,	196,	126.184
752,	28,	24,	196,	126.254
752,	27,	25,	196,	126.372
752,	26,	26,	196,	126.384
752,	25,	27,	196,	126.436
752,	25,	26,	197,	126.494
752,	25,	25,	198,	126.575
751,	26,	25,	198,	126.712
750,	27,	25,	198,	126.741
749,	28,	25,	198,	126.839
748,	29,	25,	198,	126.876
747,	30,	25,	198,	126.934
747,	30,	24,	199,	127.001
746,	31,	24,	199,	127.07
746,	31,	23,	200,	127.073
745,	32,	23,	200,	127.104
745,	32,	22,	201,	127.118
745,	31,	23,	201,	127.16
745,	31,	22,	202,	127.257
744,	32,	22,	202,	127.292
744,	31,	23,	202,	127.299
744,	31,	22,	203,	127.339
744,	31,	21,	204,	127.369
744,	31,	20,	205,	127.435
743,	32,	20,	205,	127.498
743,	32,	19,	206,	127.503
743,	32,	18,	207,	127.512
743,	32,	17,	208,	127.582
743,	32,	16,	209,	127.594
743,	32,	15,	210,	127.6
743,	31,	16,	210,	127.846
742,	32,	16,	210,	128.032
742,	31,	17,	210,	128.107
741,	32,	17,	210,	128.279
740,	33,	17,	210,	128.378
740,	33,	16,	211,	128.703
740,	33,	15,	212,	128.719
739,	34,	15,	212,	128.752
739,	34,	14,	213,	128.839
739,	33,	15,	213,	128.846
738,	34,	15,	213,	129.136
738,	34,	14,	214,	129.168
738,	34,	13,	215,	129.224
737,	35,	13,	215,	129.248
737,	34,	14,	215,	129.395
737,	33,	15,	215,	129.507
737,	32,	16,	215,	129.619
737,	32,	15,	216,	129.636
736,	33,	15,	216,	129.886
736,	33,	14,	217,	129.886
736,	33,	13,	218,	129.906
735,	34,	13,	218,	130.023
735,	33,	14,	218,	130.1
735,	32,	15,	218,	130.163
734,	33,	15,	218,	130.173
733,	34,	15,	218,	130.23
732,	35,	15,	218,	130.332
732,	34,	16,	218,	130.536
732,	34,	15,	219,	130.557
732,	33,	16,	219,	130.559
732,	32,	17,	219,	130.57
732,	32,	16,	220,	130.645
731,	33,	16,	220,	130.671
731,	32,	17,	220,	130.674
730,	33,	17,	220,	130.873
729,	34,	17,	220,	130.944
729,	34,	16,	221,	131.004
728,	35,	16,	221,	131.26
727,	36,	16,	221,	131.333
727,	36,	15,	222,	131.46
726,	37,	15,	222,	131.478
725,	38,	15,	222,	131.522
724,	39,	15,	222,	131.838
724,	38,	16,	222,	131.87
724,	37,	17,	222,	132.067
724,	36,	18,	222,	132.092
724,	35,	19,	222,	132.247
724,	34,	20,	222,	132.349
723,	35,	20,	222,	132.409
723,	34,	21,	222,	132.416
723,	34,	20,	223,	132.535
722,	35,	20,	223,	132.565
722,	34,	21,	223,	132.678
722,	34,	20,	224,	132.758
722,	33,	21,	224,	132.772
722,	32,	22,	224,	132.82
721,	33,	22,	224,	132.833
721,	32,	23,	224,	132.873
720,	33,	23,	224,	132.887
720,	32,	24,	224,	133.2
720,	32,	23,	225,	133.229
720,	31,	24,	225,	133.262
719,	32,	24,	225,	133.29
719,	31,	25,	225,	133.364
719,	31,	24,	226,	133.367
719,	31,	23,	227,	133.373
719,	31,	22,	228,	133.424
719,	31,	21,	229,	133.446
718,	32,	21,	229,	133.533
718,	32,	20,	230,	133.533
718,	31,	21,	230,	133.542
718,	31,	20,	231,	133.792
718,	31,	19,	232,	133.807
718,	31,	18,	233,	133.817
718,	31,	17,	234,	134.107
718,	31,	16,	235,	134.13
718,	31,	15,	236,	134.158
718,	30,	16,	236,	134.186
718,	29,	17,	236,	134.264
717,	30,	17,	236,	134.445
717,	29,	18,	236,	134.522
717,	29,	17,	237,	134.734
717,	28,	18,	237,	134.869
716,	29,	18,	237,	135.457
715,	30,	18,	237,	135.5
715,	29,	19,	237,	135.624
715,	29,	18,	238,	135.752
714,	30,	18,	238,	135.846
713,	31,	18,	238,	135.856
713,	30,	19,	238,	136.034
713,	30,	18,	239,	136.267
713,	30,	17,	240,	136.298
712,	31,	17,	240,	136.646
711,	32,	17,	240,	136.812
710,	33,	17,	240,	136.831
710,	32,	18,	240,	136.963
709,	33,	18,	240,	136.966
709,	33,	17,	241,	137.007
709,	32,	18,	241,	137.027
708,	33,	18,	241,	137.107
708,	33,	17,	242,	137.177
708,	32,	18,	242,	137.314
708,	31,	19,	242,	137.424
707,	32,	19,	242,	137.61
706,	33,	19,	242,	138.058
706,	32,	20,	242,	138.117
706,	31,	21,	242,	138.231
706,	31,	20,	243,	138.326
705,	32,	20,	243,	138.342
705,	32,	19,	244,	138.369
704,	33,	19,	244,	138.576
704,	32,	20,	244,	138.62
704,	31,	21,	244,	138.813
704,	31,	20,	245,	138.877
704,	30,	21,	245,	138.903
703,	31,	21,	245,	138.925
702,	32,	21,	245,	138.958
702,	32,	20,	246,	139.006
701,	33,	20,	246,	139.097
701,	32,	21,	246,	139.238
701,	31,	22,	246,	139.301
700,	32,	22,	246,	139.408
700,	32,	21,	247,	139.519
700,	32,	20,	248,	139.561
699,	33,	20,	248,	139.661
699,	32,	21,	248,	139.75
699,	32,	20,	249,	139.776
699,	32,	19,	250,	139.806
699,	32,	18,	251,	140.072
699,	31,	19,	251,	140.279
699,	30,	20,	251,	140.597
699,	30,	19,	252,	140.642
699,	30,	18,	253,	140.781
698,	31,	18,	253,	140.865
698,	30,	19,	253,	140.876
697,	31,	19,	253,	140.883
697,	30,	20,	253,	140.925
697,	30,	19,	254,	140.967
696,	31,	19,	254,	141.039
696,	30,	20,	254,	141.143
696,	29,	21,	254,	141.144
696,	29,	20,	255,	141.185
696,	29,	19,	256,	141.256
696,	29,	18,	257,	141.284
696,	28,	19,	257,	141.3
696,	27,	20,	257,	141.449
696,	27,	19,	258,	141.468
696,	27,	18,	259,	141.562
696,	27,	17,	260,	141.57
695,	28,	17,	260,	141.616
695,	27,	18,	260,	141.682
695,	27,	17,	261,	141.705
695,	26,	18,	261,	141.748
695,	26,	17,	262,	141.961
695,	25,	18,	262,	142.018
695,	24,	19,	262,	142.407
695,	23,	20,	262,	142.488
695,	23,	19,	263,	142.502
695,	23,	18,	264,	142.568
694,	24,	18,	264,	142.576
693,	25,	18,	264,	142.595
692,	26,	18,	264,	142.64
692,	26,	17,	265,	142.658
692,	26,	16,	266,	142.686
692,	25,	17,	266,	142.848
691,	26,	17,	266,	142.877
691,	25,	18,	266,	142.957
690,	26,	18,	266,	143.027
690,	25,	19,	266,	143.068
690,	24,	20,	266,	143.118
690,	23,	21,	266,	143.342
689,	24,	21,	266,	143.416
689,	24,	20,	267,	143.461
688,	25,	20,	267,	143.61
688,	24,	21,	267,	143.614
687,	25,	21,	267,	143.627
686,	26,	21,	267,	143.928
686,	26,	20,	268,	143.948
685,	27,	20,	268,	144.106
684,	28,	20,	268,	144.139
684,	28,	19,	269,	144.505
684,	27,	20,	269,	144.541
684,	26,	21,	269,	144.549
683,	27,	21,	269,	144.647
683,	27,	20,	270,	144.667
682,	28,	20,	270,	144.682
682,	27,	21,	270,	144.702
682,	26,	22,	270,	144.877
682,	26,	21,	271,	144.885
682,	25,	22,	271,	144.909
681,	26,	22,	271,	144.97
680,	27,	22,	271,	145.139
680,	26,	23,	271,	145.214
679,	27,	23,	271,	145.562
679,	27,	22,	272,	145.7
679,	27,	21,	273,	145.796
679,	27,	20,	274,	145.88
679,	26,	21,	274,	145.925
679,	26,	20,	275,	145.972
679,	25,	21,	275,	146.03
679,	25,	20,	276,	146.176
679,	25,	19,	277,	146.208
679,	25,	18,	278,	146.268
679,	24,	19,	278,	146.322
678,	25,	19,	278,	146.382
677,	26,	19,	278,	146.482
677,	26,	18,	279,	146.559
677,	26,	17,	280,	146.665
677,	25,	18,	280,	146.771
676,	26,	18,	280,	146.803
676,	26,	17,	281,	146.803
676,	26,	16,	282,	146.81
675,	27,	16,	282,	146.835
675,	26,	17,	282,	146.865
675,	26,	16,	283,	147
674,	27,	16,	283,	147.067
673,	28,	16,	283,	147.332
672,	29,	16,	283,	147.361
671,	30,	16,	283,	147.477
671,	29,	17,	283,	147.542
670,	30,	17,	283,	147.61
670,	29,	18,	283,	147.783
670,	28,	19,	283,	148.121
670,	28,	18,	284,	148.136
670,	28,	17,	285,	148.183
670,	28,	16,	286,	148.328
670,	27,	17,	286,	148.39
669,	28,	17,	286,	148.491
669,	28,	16,	287,	148.624
669,	27,	17,	287,	148.656
669,	27,	16,	288,	148.676
669,	27,	15,	289,	148.837
668,	28,	15,	289,	148.845
667,	29,	15,	289,	149.042
667,	28,	16,	289,	149.347
666,	29,	16,	289,	149.646
666,	28,	17,	289,	149.694
665,	29,	17,	289,	149.868
665,	29,	16,	290,	149.893
664,	30,	16,	290,	150.093
664,	29,	17,	290,	150.403
663,	30,	17,	290,	150.601
662,	31,	17,	290,	150.735
661,	32,	17,	290,	150.786
660,	33,	17,	290,	150.835
660,	33,	16,	291,	150.877
660,	33,	15,	292,	150.899
660,	33,	14,	293,	151.074
659,	34,	14,	293,	151.428
659,	33,	15,	293,	151.484
659,	32,	16,	293,	151.614
659,	32,	15,	294,	151.666
659,	31,	16,	294,	151.761
659,	30,	17,	294,	152.195
659,	30,	16,	295,	152.195
658,	31,	16,	295,	152.209
658,	30,	17,	295,	152.322
657,	31,	17,	295,	152.348
657,	31,	16,	296,	152.457
657,	31,	15,	297,	152.472
657,	31,	14,	298,	152.567
656,	32,	14,	298,	152.575
656,	31,	15,	298,	152.599
656,	30,	16,	298,	152.736
656,	30,	15,	299,	153.055
656,	30,	14,	300,	153.196
655,	31,	14,	300,	153.222
655,	31,	13,	301,	153.42
655,	31,	12,	302,	153.447
654,	32,	12,	302,	153.485
654,	31,	13,	302,	153.695
653,	32,	13,	302,	153.805
653,	31,	14,	302,	153.873
653,	31,	13,	303,	154.012
653,	30,	14,	303,	154.072
652,	31,	14,	303,	154.084
652,	31,	13,	304,	154.146
652,	30,	14,	304,	154.177
652,	30,	13,	305,	154.287
652,	30,	12,	306,	154.377
652,	30,	11,	307,	154.386
652,	29,	12,	307,	154.393
652,	28,	13,	307,	154.47
652,	27,	14,	307,	154.519
651,	28,	14,	307,	154.738
651,	27,	15,	307,	154.774
650,	28,	15,	307,	154.907
650,	28,	14,	308,	155.127
650,	28,	13,	309,	155.149
649,	29,	13,	309,	155.239
648,	30,	13,	309,	155.389
647,	31,	13,	309,	155.419
647,	30,	14,	309,	155.45
646,	31,	14,	309,	155.64
646,	30,	15,	309,	155.859
646,	30,	14,	310,	155.863
646,	30,	13,	311,	155.936
646,	29,	14,	311,	155.987
646,	29,	13,	312,	156.007
646,	28,	14,	312,	156.05
645,	29,	14,	312,	156.068
645,	28,	15,	312,	156.332
645,	28,	14,	313,	156.429
644,	29,	14,	313,	156.628
643,	30,	14,	313,	156.655
642,	31,	14,	313,	156.75
641,	32,	14,	313,	156.769
641,	32,	13,	314,	156.808
641,	31,	14,	314,	156.86
641,	30,	15,	314,	156.863
641,	30,	14,	315,	156.871
640,	31,	14,	315,	157.032
640,	31,	13,	316,	157.072
639,	32,	13,	316,	157.459
639,	32,	12,	317,	157.593
638,	33,	12,	317,	157.613
638,	32,	13,	317,	157.709
637,	33,	13,	317,	157.84
636,	34,	13,	317,	157.908
636,	34,	12,	318,	157.927
636,	34,	11,	319,	157.929
636,	34,	10,	320,	158.124
636,	34,	9,	321,	158.228
636,	33,	10,	321,	158.341
635,	34,	10,	321,	158.506
634,	35,	10,	321,	158.596
633,	36,	10,	321,	158.676
633,	35,	11,	321,	158.783
633,	34,	12,	321,	158.935
632,	35,	12,	321,	158.983
632,	35,	11,	322,	158.987
632,	34,	12,	322,	159.154
632,	33,	13,	322,	159.214
632,	33,	12,	323,	159.234
632,	32,	13,	323,	159.238
632,	32,	12,	324,	159.259
632,	32,	11,	325,	159.604
632,	32,	10,	326,	159.815
632,	32,	9,	327,	159.867
632,	32,	8,	328,	160.113
631,	33,	8,	328,	160.196
631,	32,	9,	328,	160.205
631,	31,	10,	328,	160.346
630,	32,	10,	328,	160.377
630,	32,	9,	329,	160.528
630,	31,	10,	329,	160.59
630,	30,	11,	329,	160.607
629,	31,	11,	329,	160.82
629,	30,	12,	329,	160.917
629,	30,	11,	330,	161.077
629,	30,	10,	331,	161.179
629,	30,	9,	332,	161.342
628,	31,	9,	332,	161.522
628,	30,	10,	332,	161.692
628,	29,	11,	332,	161.756
628,	28,	12,	332,	161.782
628,	28,	11,	333,	161.827
628,	28,	10,	334,	161.985
627,	29,	10,	334,	162.078
627,	29,	9,	335,	162.105
627,	28,	10,	335,	162.143
626,	29,	10,	335,	162.247
625,	30,	10,	335,	162.303
625,	29,	11,	335,	162.453
624,	30,	11,	335,	162.571
624,	30,	10,	336,	162.789
624,	29,	11,	336,	162.797
623,	30,	11,	336,	162.816
623,	30,	10,	337,	163.063
623,	30,	9,	338,	163.066
622,	31,	9,	338,	163.111
621,	32,	9,	338,	163.126
621,	32,	8,	339,	163.334
621,	31,	9,	339,	163.564
621,	30,	10,	339,	163.567
621,	30,	9,	340,	163.699
621,	30,	8,	341,	163.752
621,	29,	9,	341,	163.809
621,	28,	10,	341,	164.051
621,	28,	9,	342,	164.236
621,	28,	8,	343,	164.257
621,	27,	9,	343,	164.316
620,	28,	9,	343,	164.332
620,	28,	8,	344,	164.647
620,	27,	9,	344,	164.795
620,	26,	10,	344,	165.109
619,	27,	10,	344,	165.177
619,	26,	11,	344,	165.406
619,	25,	12,	344,	165.548
618,	26,	12,	344,	165.557
618,	25,	13,	344,	165.672
618,	25,	12,	345,	165.723
617,	26,	12,	345,	165.76
617,	26,	11,	346,	165.783
616,	27,	11,	346,	165.953
616,	27,	10,	347,	165.963
616,	27,	9,	348,	165.992
616,	26,	10,	348,	166.033
615,	27,	10,	348,	166.064
615,	26,	11,	348,	166.123
615,	25,	12,	348,	166.175
615,	24,	13,	348,	166.69
615,	23,	14,	348,	166.828
614,	24,	14,	348,	167.152
614,	24,	13,	349,	167.339
613,	25,	13,	349,	167.473
612,	26,	13,	349,	167.498
611,	27,	13,	349,	167.534
611,	26,	14,	349,	167.537
611,	25,	15,	349,	167.615
611,	25,	14,	350,	168.008
611,	24,	15,	350,	168.267
611,	24,	14,	351,	168.502
611,	23,	15,	351,	168.528
611,	23,	14,	352,	168.558
611,	23,	13,	353,	168.768
610,	24,	13,	353,	168.869
610,	23,	14,	353,	168.895
609,	24,	14,	353,	169.171
608,	25,	14,	353,	169.211
608,	25,	13,	354,	169.263
608,	24,	14,	354,	169.411
608,	24,	13,	355,	169.416
608,	23,	14,	355,	169.452
608,	23,	13,	356,	169.556
607,	24,	13,	356,	169.612
607,	23,	14,	356,	169.655
606,	24,	14,	356,	169.703
606,	24,	13,	357,	169.835
606,	24,	12,	358,	170.182
606,	23,	13,	358,	170.394
606,	23,	12,	359,	170.442
605,	24,	12,	359,	170.495
605,	24,	11,	360,	170.503
605,	23,	12,	360,	170.534
605,	22,	13,	360,	170.632
604,	23,	13,	360,	170.735
604,	23,	12,	361,	170.858
604,	22,	13,	361,	171.401
604,	22,	12,	362,	171.536
604,	21,	13,	362,	171.566
603,	22,	13,	362,	171.591
603,	21,	14,	362,	171.939
603,	20,	15,	362,	172.004
603,	19,	16,	362,	172.03
603,	18,	17,	362,	172.223
602,	19,	17,	362,	172.425
601,	20,	17,	362,	172.522
601,	19,	18,	362,	172.531
601,	19,	17,	363,	172.544
601,	18,	18,	363,	172.7
601,	18,	17,	364,	172.82
601,	17,	18,	364,	172.902
601,	16,	19,	364,	172.923
600,	17,	19,	364,	172.957
600,	17,	18,	365,	173.023
600,	17,	17,	366,	173.382
600,	16,	18,	366,	173.405
600,	16,	17,	367,	173.488
599,	17,	17,	367,	173.596
599,	17,	16,	368,	173.756
599,	16,	17,	368,	173.808
599,	15,	18,	368,	174.202
598,	16,	18,	368,	174.214
598,	15,	19,	368,	174.227
597,	16,	19,	368,	174.402
597,	16,	18,	369,	174.454
597,	16,	17,	370,	174.472
597,	16,	16,	371,	174.484
597,	16,	15,	372,	174.5
597,	15,	16,	372,	174.664
596,	16,	16,	372,	174.774
596,	15,	17,	372,	174.885
595,	16,	17,	372,	175.537
595,	15,	18,	372,	175.545
594,	16,	18,	372,	175.6
594,	16,	17,	373,	175.631
593,	17,	17,	373,	176.118
593,	17,	16,	374,	176.135
593,	17,	15,	375,	176.262
593,	16,	16,	375,	176.4
592,	17,	16,	375,	176.454
591,	18,	16,	375,	176.716
591,	17,	17,	375,	176.739
591,	17,	16,	376,	176.817
590,	18,	16,	376,	176.83
589,	19,	16,	376,	176.846
589,	19,	15,	377,	176.861
589,	19,	14,	378,	176.879
588,	20,	14,	378,	176.952
587,	21,	14,	378,	176.991
587,	20,	15,	378,	177.099
587,	20,	14,	379,	177.125
587,	19,	15,	379,	177.147
586,	20,	15,	379,	177.263
586,	20,	14,	380,	177.275
585,	21,	14,	380,	177.33
585,	20,	15,	380,	177.65
584,	21,	15,	380,	177.984
583,	22,	15,	380,	178.018
582,	23,	15,	380,	178.213
581,	24,	15,	380,	178.318
581,	23,	16,	380,	178.515
581,	23,	15,	381,	178.598
580,	24,	15,	381,	178.727
579,	25,	15,	381,	178.784
579,	24,	16,	381,	178.809
578,	25,	16,	381,	178.901
578,	24,	17,	381,	179.036
578,	23,	18,	381,	179.069
578,	22,	19,	381,	179.083
578,	22,	18,	382,	179.088
578,	21,	19,	382,	179.093
577,	22,	19,	382,	179.257
577,	21,	20,	382,	179.291
577,	20,	21,	382,	179.316
577,	20,	20,	383,	179.386
577,	19,	21,	383,	179.422
577,	19,	20,	384,	179.433
577,	19,	19,	385,	179.45
577,	19,	18,	386,	179.634
577,	18,	19,	386,	179.763
577,	18,	18,	387,	179.791
576,	19,	18,	387,	179.811
576,	19,	17,	388,	179.945
575,	20,	17,	388,	179.955
575,	20,	16,	389,	179.97
575,	20,	15,	390,	180.002
574,	21,	15,	390,	180.246
574,	21,	14,	391,	180.303
574,	20,	15,	391,	180.332
573,	21,	15,	391,	180.479
572,	22,	15,	391,	180.657
571,	23,	15,	391,	180.658
571,	22,	16,	391,	180.691
571,	22,	15,	392,	180.714
570,	23,	15,	392,	180.969
569,	24,	15,	392,	180.976
568,	25,	15,	392,	181.303
568,	25,	14,	393,	181.557
568,	25,	13,	394,	181.604
568,	25,	12,	395,	181.629
568,	24,	13,	395,	181.653
568,	23,	14,	395,	182.206
568,	23,	13,	396,	182.336
568,	23,	12,	397,	182.703
568,	23,	11,	398,	182.912
567,	24,	11,	398,	182.998
567,	23,	12,	398,	183.018
566,	24,	12,	398,	183.076
565,	25,	12,	398,	183.138
564,	26,	12,	398,	183.312
564,	25,	13,	398,	183.509
564,	25,	12,	399,	183.766
564,	24,	13,	399,	183.84
563,	25,	13,	399,	183.978
563,	24,	14,	399,	184.104
562,	25,	14,	399,	184.183
562,	25,	13,	400,	184.363
561,	26,	13,	400,	184.403
560,	27,	13,	400,	184.414
560,	26,	14,	400,	184.518
560,	25,	15,	400,	184.562
560,	25,	14,	401,	184.58
559,	26,	14,	401,	184.736
559,	26,	13,	402,	184.905
558,	27,	13,	402,	184.913
557,	28,	13,	402,	185.06
556,	29,	13,	402,	185.74
556,	29,	12,	403,	185.846
555,	30,	12,	403,	185.849
555,	29,	13,	403,	185.928
555,	28,	14,	403,	185.993
555,	27,	15,	403,	186.021
555,	27,	14,	404,	186.227
555,	27,	13,	405,	186.252
555,	27,	12,	406,	186.464
555,	27,	11,	407,	186.547
554,	28,	11,	407,	186.616
553,	29,	11,	407,	186.669
553,	28,	12,	407,	186.991
553,	28,	11,	408,	187.083
553,	28,	10,	409,	187.105
552,	29,	10,	409,	187.511
552,	29,	9,	410,	187.609
552,	29,	8,	411,	187.709
552,	28,	9,	411,	187.759
552,	27,	10,	411,	188.111
552,	26,	11,	411,	188.118
552,	25,	12,	411,	188.444
552,	24,	13,	411,	188.547
552,	24,	12,	412,	188.595
552,	24,	11,	413,	188.658
552,	24,	10,	414,	189.126
552,	23,	11,	414,	189.291
552,	22,	12,	414,	189.42
551,	23,	12,	414,	189.524
550,	24,	12,	414,	189.589
550,	23,	13,	414,	189.695
550,	22,	14,	414,	189.701
550,	21,	15,	414,	189.715
549,	22,	15,	414,	189.824
549,	21,	16,	414,	189.95
549,	21,	15,	415,	190.153
549,	21,	14,	416,	190.279
549,	21,	13,	417,	190.303
549,	21,	12,	418,	190.49
548,	22,	12,	418,	190.651
548,	21,	13,	418,	190.843
547,	22,	13,	418,	191.213
547,	22,	12,	419,	191.221
547,	21,	13,	419,	191.286
547,	20,	14,	419,	191.312
547,	19,	15,	419,	191.353
547,	18,	16,	419,	191.46
547,	17,	17,	419,	191.543
547,	16,	18,	419,	191.689
546,	17,	18,	419,	191.887
545,	18,	18,	419,	191.887
544,	19,	18,	419,	191.895
544,	19,	17,	420,	191.895
544,	19,	16,	421,	192.32
544,	19,	15,	422,	192.432
544,	19,	14,	423,	192.481
544,	19,	13,	424,	192.702
543,	20,	13,	424,	192.739
543,	20,	12,	425,	192.783
542,	21,	12,	425,	192.816
542,	21,	11,	426,	192.967
542,	21,	10,	427,	193.103
542,	20,	11,	427,	193.194
541,	21,	11,	427,	193.232
541,	20,	12,	427,	193.703
540,	21,	12,	427,	193.768
540,	21,	11,	428,	193.789
540,	20,	12,	428,	193.827
540,	19,	13,	428,	193.849
540,	18,	14,	428,	194.013
540,	17,	15,	428,	194.189
540,	17,	14,	429,	194.23
540,	17,	13,	430,	195.054
540,	17,	12,	431,	195.087
540,	17,	11,	432,	195.113
540,	17,	10,	433,	195.124
539,	18,	10,	433,	195.294
539,	17,	11,	433,	195.369
539,	17,	10,	434,	195.443
538,	18,	10,	434,	195.471
538,	17,	11,	434,	195.599
537,	18,	11,	434,	195.929
537,	17,	12,	434,	196.43
536,	18,	12,	434,	196.738
535,	19,	12,	434,	197.105
534,	20,	12,	434,	197.559
534,	20,	11,	435,	197.904
534,	19,	12,	435,	197.976
534,	18,	13,	435,	197.979
533,	19,	13,	435,	198.037
533,	18,	14,	435,	198.163
533,	18,	13,	436,	198.532
533,	18,	12,	437,	198.833
533,	17,	13,	437,	199.216
532,	18,	13,	437,	199.503
531,	19,	13,	437,	199.525
530,	20,	13,	437,	199.547
530,	20,	12,	438,	199.687
529,	21,	12,	438,	199.987
528,	22,	12,	438,	200.126
527,	23,	12,	438,	200.234
527,	22,	13,	438,	200.299
527,	22,	12,	439,	200.408
527,	21,	13,	439,	200.459
526,	22,	13,	439,	200.579
525,	23,	13,	439,	200.607
524,	24,	13,	439,	200.806
523,	25,	13,	439,	200.912
523,	24,	14,	439,	200.915
522,	25,	14,	439,	201.098
522,	24,	15,	439,	201.182
521,	25,	15,	439,	201.368
521,	24,	16,	439,	201.372
521,	24,	15,	440,	201.599
521,	23,	16,	440,	201.758
520,	24,	16,	440,	201.806
519,	25,	16,	440,	201.838
519,	25,	15,	441,	202.03
519,	25,	14,	442,	202.043
519,	24,	15,	442,	202.07
519,	24,	14,	443,	202.103
518,	25,	14,	443,	202.132
518,	25,	13,	444,	202.14
518,	25,	12,	445,	202.661
518,	24,	13,	445,	202.765
518,	23,	14,	445,	202.825
518,	22,	15,	445,	202.867
518,	21,	16,	445,	202.942
517,	22,	16,	445,	203.026
517,	22,	15,	446,	203.35
516,	23,	15,	446,	203.425
515,	24,	15,	446,	203.464
514,	25,	15,	446,	203.483
513,	26,	15,	446,	203.726
513,	25,	16,	446,	204.053
513,	25,	15,	447,	204.342
512,	26,	15,	447,	204.346
512,	26,	14,	448,	204.369
512,	25,	15,	448,	204.41
512,	25,	14,	449,	204.505
511,	26,	14,	449,	204.505
510,	27,	14,	449,	204.509
510,	26,	15,	449,	204.626
510,	25,	16,	449,	204.645
510,	24,	17,	449,	204.754
510,	24,	16,	450,	204.809
510,	24,	15,	451,	204.879
509,	25,	15,	451,	205.039
509,	25,	14,	452,	205.058
509,	24,	15,	452,	205.072
509,	24,	14,	453,	205.495
509,	24,	13,	454,	205.513
508,	25,	13,	454,	205.532
508,	24,	14,	454,	205.826
508,	23,	15,	454,	205.945
508,	22,	16,	454,	205.95
507,	23,	16,	454,	205.982
506,	24,	16,	454,	206.004
505,	25,	16,	454,	206.013
504,	26,	16,	454,	206.089
504,	26,	15,	455,	206.221
504,	26,	14,	456,	206.239
504,	26,	13,	457,	206.535
504,	26,	12,	458,	206.569
503,	27,	12,	458,	206.608
503,	26,	13,	458,	206.642
503,	25,	14,	458,	206.779
503,	25,	13,	459,	206.812
503,	24,	14,	459,	206.824
503,	23,	15,	459,	206.825
503,	23,	14,	460,	207.072
503,	23,	13,	461,	207.225
503,	23,	12,	462,	207.266
503,	23,	11,	463,	207.688
503,	22,	12,	463,	207.738
503,	21,	13,	463,	207.77
503,	21,	12,	464,	208.098
502,	22,	12,	464,	208.238
502,	21,	13,	464,	208.495
502,	21,	12,	465,	208.498
502,	20,	13,	465,	208.826
502,	20,	12,	466,	208.974
501,	21,	12,	466,	209.278
501,	20,	13,	466,	209.293
500,	21,	13,	466,	209.577
500,	21,	12,	467,	209.68
499,	22,	12,	467,	209.779
498,	23,	12,	467,	209.78
497,	24,	12,	467,	209.806
496,	25,	12,	467,	209.92
496,	25,	11,	468,	210.436
496,	25,	10,	469,	210.607
495,	26,	10,	469,	210.788
495,	25,	11,	469,	210.836
494,	26,	11,	469,	210.916
494,	26,	10,	470,	210.954
493,	27,	10,	470,	211.037
493,	26,	11,	470,	211.053
493,	26,	10,	471,	211.134
493,	25,	11,	471,	211.228
493,	25,	10,	472,	211.374
493,	24,	11,	472,	211.593
493,	23,	12,	472,	211.675
493,	22,	13,	472,	211.796
493,	22,	12,	473,	211.875
493,	22,	11,	474,	212.01
493,	22,	10,	475,	212.11
493,	21,	11,	475,	212.153
492,	22,	11,	475,	212.267
492,	21,	12,	475,	212.863
491,	22,	12,	475,	212.946
491,	22,	11,	476,	213.109
491,	21,	12,	476,	213.143
491,	21,	11,	477,	213.371
491,	20,	12,	477,	213.405
490,	21,	12,	477,	213.429
490,	20,	13,	477,	213.626
490,	19,	14,	477,	213.722
490,	19,	13,	478,	213.925
490,	19,	12,	479,	213.929
489,	20,	12,	479,	214.095
488,	21,	12,	479,	214.113
488,	20,	13,	479,	214.339
488,	19,	14,	479,	214.424
488,	18,	15,	479,	214.447
488,	18,	14,	480,	214.57
488,	18,	13,	481,	214.827
488,	17,	14,	481,	214.965
487,	18,	14,	481,	214.997
487,	17,	15,	481,	215.093
487,	16,	16,	481,	215.259
487,	16,	15,	482,	215.33
487,	15,	16,	482,	215.655
487,	14,	17,	482,	215.681
487,	13,	18,	482,	216.021
487,	12,	19,	482,	216.126
487,	12,	18,	483,	216.209
487,	12,	17,	484,	216.309
486,	13,	17,	484,	216.431
486,	12,	18,	484,	216.455
486,	12,	17,	485,	216.62
486,	11,	18,	485,	216.691
486,	10,	19,	485,	216.693
486,	10,	18,	486,	216.701
486,	10,	17,	487,	217.209
485,	11,	17,	487,	217.248
484,	12,	17,	487,	217.311
483,	13,	17,	487,	217.546
482,	14,	17,	487,	217.597
481,	15,	17,	487,	217.651
481,	14,	18,	487,	217.786
481,	14,	17,	488,	217.845
481,	13,	18,	488,	217.867
480,	14,	18,	488,	217.873
480,	14,	17,	489,	217.992
479,	15,	17,	489,	218.103
478,	16,	17,	489,	218.174
478,	16,	16,	490,	218.303
478,	15,	17,	490,	218.464
478,	15,	16,	491,	218.501
477,	16,	16,	491,	218.745
476,	17,	16,	491,	218.885
476,	16,	17,	491,	219.059
475,	17,	17,	491,	219.111
474,	18,	17,	491,	219.538
474,	18,	16,	492,	219.65
474,	18,	15,	493,	219.654
473,	19,	15,	493,	219.765
473,	19,	14,	494,	219.811
473,	18,	15,	494,	219.908
473,	18,	14,	495,	219.958
473,	17,	15,	495,	219.959
472,	18,	15,	495,	220.154
472,	17,	16,	495,	220.231
472,	16,	17,	495,	220.232
471,	17,	17,	495,	220.31
471,	16,	18,	495,	220.383
471,	16,	17,	496,	220.522
471,	16,	16,	497,	220.626
471,	15,	17,	497,	220.697
471,	14,	18,	497,	220.787
471,	14,	17,	498,	220.832
471,	14,	16,	499,	221.098
470,	15,	16,	499,	221.155
469,	16,	16,	499,	221.432
469,	16,	15,	500,	221.448
469,	16,	14,	501,	221.45
469,	16,	13,	502,	221.755
469,	15,	14,	502,	221.771
469,	14,	15,	502,	222.137
468,	15,	15,	502,	222.345
468,	14,	16,	502,	222.62
467,	15,	16,	502,	223.377
467,	14,	17,	502,	223.435
467,	14,	16,	503,	223.47
466,	15,	16,	503,	223.582
466,	14,	17,	503,	223.595
465,	15,	17,	503,	223.625
465,	14,	18,	503,	223.976
464,	15,	18,	503,	224.063
463,	16,	18,	503,	224.12
462,	17,	18,	503,	224.296
461,	18,	18,	503,	224.436
461,	17,	19,	503,	224.507
460,	18,	19,	503,	224.602
460,	17,	20,	503,	224.751
460,	17,	19,	504,	224.888
460,	17,	18,	505,	225.069
460,	16,	19,	505,	225.31
460,	16,	18,	506,	225.497
459,	17,	18,	506,	225.574
459,	16,	19,	506,	225.661
459,	15,	20,	506,	225.747
459,	15,	19,	507,	225.749
458,	16,	19,	507,	225.818
458,	16,	18,	508,	226.15
457,	17,	18,	508,	226.339
456,	18,	18,	508,	226.423
456,	18,	17,	509,	226.433
456,	18,	16,	510,	226.801
456,	18,	15,	511,	226.964
456,	18,	14,	512,	227.062
455,	19,	14,	512,	227.074
454,	20,	14,	512,	227.14
454,	19,	15,	512,	227.205
454,	19,	14,	513,	227.231
454,	19,	13,	514,	227.246
454,	18,	14,	514,	227.712
454,	18,	13,	515,	227.784
453,	19,	13,	515,	227.929
453,	19,	12,	516,	227.962
453,	18,	13,	516,	228.058
452,	19,	13,	516,	228.128
452,	19,	12,	517,	228.344
451,	20,	12,	517,	228.36
451,	19,	13,	517,	228.544
451,	18,	14,	517,	228.581
451,	18,	13,	518,	228.609
451,	17,	14,	518,	228.865
451,	16,	15,	518,	228.907
450,	17,	15,	518,	229.028
450,	17,	14,	519,	229.071
449,	18,	14,	519,	229.159
448,	19,	14,	519,	229.167
448,	19,	13,	520,	229.519
448,	18,	14,	520,	229.67
448,	18,	13,	521,	230.213
447,	19,	13,	521,	230.28
446,	20,	13,	521,	230.565
446,	19,	14,	521,	231.047
446,	19,	13,	522,	231.328
446,	18,	14,	522,	231.633
446,	18,	13,	523,	231.634
446,	18,	12,	524,	231.701
446,	17,	13,	524,	231.861
446,	16,	14,	524,	232.075
446,	16,	13,	525,	232.12
445,	17,	13,	525,	232.226
445,	17,	12,	526,	232.25
445,	16,	13,	526,	232.362
444,	17,	13,	526,	232.418
443,	18,	13,	526,	232.958
442,	19,	13,	526,	233.089
441,	20,	13,	526,	233.281
440,	21,	13,	526,	233.503
439,	22,	13,	526,	233.696
439,	22,	12,	527,	233.772
439,	21,	13,	527,	234.025
439,	21,	12,	528,	234.134
439,	20,	13,	528,	234.27
439,	20,	12,	529,	234.469
439,	20,	11,	530,	234.518
439,	20,	10,	531,	234.742
439,	20,	9,	532,	234.839
439,	20,	8,	533,	235.185
439,	19,	9,	533,	235.208
438,	20,	9,	533,	235.427
437,	21,	9,	533,	235.491
437,	21,	8,	534,	235.543
436,	22,	8,	534,	235.752
436,	22,	7,	535,	235.756
436,	21,	8,	535,	235.889
436,	21,	7,	536,	235.915
436,	20,	8,	536,	236.022
436,	19,	9,	536,	236.152
436,	19,	8,	537,	236.229
436,	19,	7,	538,	236.24
436,	18,	8,	538,	236.351
436,	17,	9,	538,	236.547
436,	17,	8,	539,	236.658
436,	16,	9,	539,	236.777
436,	15,	10,	539,	236.798
436,	14,	11,	539,	236.925
436,	14,	10,	540,	237.083
436,	14,	9,	541,	237.1
436,	14,	8,	542,	237.203
436,	13,	9,	542,	237.437
436,	13,	8,	543,	237.484
436,	12,	9,	543,	237.499
436,	11,	10,	543,	237.702
436,	10,	11,	543,	238.17
435,	11,	11,	543,	238.519
435,	11,	10,	544,	238.839
435,	11,	9,	545,	238.873
435,	10,	10,	545,	238.929
434,	11,	10,	545,	239.012
433,	12,	10,	545,	239.215
433,	11,	11,	545,	239.959
432,	12,	11,	545,	240.397
432,	12,	10,	546,	240.68
431,	13,	10,	546,	240.732
431,	12,	11,	546,	240.843
430,	13,	11,	546,	240.865
430,	13,	10,	547,	240.977
430,	13,	9,	548,	241.291
430,	13,	8,	549,	241.62
429,	14,	8,	549,	241.632
429,	13,	9,	549,	242.025
429,	13,	8,	550,	242.207
429,	12,	9,	550,	242.226
429,	12,	8,	551,	242.297
429,	12,	7,	552,	242.509
428,	13,	7,	552,	242.783
428,	12,	8,	552,	243.424
428,	12,	7,	553,	243.777
428,	12,	6,	554,	243.968
427,	13,	6,	554,	244.885
427,	13,	5,	555,	245.313
426,	14,	5,	555,	246.275
426,	14,	4,	556,	246.519
425,	15,	4,	556,	247.327
424,	16,	4,	556,	247.497
423,	17,	4,	556,	247.685
423,	16,	5,	556,	248.08
423,	15,	6,	556,	248.521
423,	14,	7,	556,	248.78
422,	15,	7,	556,	248.981
421,	16,	7,	556,	249.263
421,	15,	8,	556,	249.592
420,	16,	8,	556,	249.798
420,	15,	9,	556,	250.183
419,	16,	9,	556,	250.233
419,	15,	10,	556,	250.709
419,	15,	9,	557,	250.781
419,	14,	10,	557,	250.865
419,	13,	11,	557,	250.992
419,	13,	10,	558,	251.021
419,	13,	9,	559,	251.377
418,	14,	9,	559,	251.45
418,	13,	10,	559,	251.894
418,	13,	9,	560,	252.217
418,	12,	10,	560,	252.277
418,	11,	11,	560,	252.456
418,	10,	12,	560,	252.973
418,	9,	13,	560,	253.724
418,	9,	12,	561,	254.042
418,	8,	13,	561,	254.442
417,	9,	13,	561,	254.908
417,	9,	12,	562,	255.095
417,	9,	11,	563,	255.452
416,	10,	11,	563,	255.631
416,	9,	12,	563,	255.948
416,	9,	11,	564,	256.098
416,	9,	10,	565,	256.312
416,	8,	11,	565,	256.327
416,	7,	12,	565,	256.444
416,	7,	11,	566,	256.676
416,	7,	10,	567,	256.776
416,	6,	11,	567,	256.951
416,	6,	10,	568,	257.18
416,	6,	9,	569,	257.934
415,	7,	9,	569,	258.089
415,	6,	10,	569,	258.102
414,	7,	10,	569,	258.417
413,	8,	10,	569,	258.453
413,	8,	9,	570,	258.822
413,	8,	8,	571,	258.978
413,	7,	9,	571,	259.045
413,	7,	8,	572,	259.207
413,	7,	7,	573,	259.681
413,	6,	8,	573,	259.739
413,	5,	9,	573,	261.231
413,	4,	10,	573,	261.372
413,	4,	9,	574,	261.484
413,	3,	10,	574,	261.553
413,	3,	9,	575,	262.019
413,	3,	8,	576,	262.194
413,	3,	7,	577,	262.307
413,	3,	6,	578,	262.479
412,	4,	6,	578,	262.791
411,	5,	6,	578,	262.962
410,	6,	6,	578,	263.677
409,	7,	6,	578,	263.966
408,	8,	6,	578,	264.141
408,	7,	7,	578,	264.171
408,	6,	8,	578,	264.209
408,	6,	7,	579,	264.303
408,	5,	8,	579,	264.577
407,	6,	8,	579,	265.301
407,	6,	7,	580,	266.002
407,	6,	6,	581,	266.095
407,	6,	5,	582,	266.724
406,	7,	5,	582,	267.488
406,	7,	4,	583,	267.719
406,	6,	5,	583,	268.352
405,	7,	5,	583,	268.458
405,	7,	4,	584,	268.821
404,	8,	4,	584,	269.773
404,	8,	3,	585,	270.284
404,	7,	4,	585,	270.592
404,	6,	5,	585,	270.685
403,	7,	5,	585,	271.048
402,	8,	5,	585,	271.284
402,	8,	4,	586,	271.528
402,	7,	5,	586,	271.776
401,	8,	5,	586,	271.943
400,	9,	5,	586,	272.907
400,	8,	6,	586,	272.961
400,	8,	5,	587,	273.016
400,	8,	4,	588,	274.209
400,	7,	5,	588,	274.425
400,	6,	6,	588,	275.476
400,	6,	5,	589,	275.972
399,	7,	5,	589,	276.319
399,	6,	6,	589,	277.144
399,	5,	7,	589,	277.225
399,	4,	8,	589,	277.932
399,	3,	9,	589,	278.016
399,	3,	8,	590,	278.789
398,	4,	8,	590,	279.061
397,	5,	8,	590,	279.169
397,	5,	7,	591,	279.674
397,	5,	6,	592,	279.796
397,	4,	7,	592,	279.895
397,	3,	8,	592,	280.886
397,	3,	7,	593,	280.898
397,	3,	6,	594,	281.193
397,	3,	5,	595,	281.594
397,	2,	6,	595,	281.912
397,	2,	5,	596,	282.291
396,	3,	5,	596,	283.1
396,	3,	4,	597,	283.403
395,	4,	4,	597,	283.916
394,	5,	4,	597,	284.114
393,	6,	4,	597,	284.146
392,	7,	4,	597,	284.531
392,	7,	3,	598,	285.396
392,	7,	2,	599,	285.844
392,	6,	3,	599,	286.055
392,	5,	4,	599,	287.34
392,	5,	3,	600,	288.283
392,	4,	4,	600,	288.875
392,	4,	3,	601,	290.099
391,	5,	3,	601,	290.592
391,	5,	2,	602,	290.802
391,	4,	3,	602,	291.995
391,	4,	2,	603,	292.13
391,	3,	3,	603,	292.52
391,	3,	2,	604,	293.434
391,	2,	3,	604,	298.808
391,	2,	2,	605,	299.582
391,	2,	1,	606,	299.747
391,	1,	2,	606,	300.624
391,	1,	1,	607,	300.948
391,	1,	0,	608,	311.373
391,	0,	1,	608,	312.63
391,	0,	0,	609,	318.019
391,	0,	-1,	610,	inf
